{"cameraMode":{"drawMode":0,"name":"Shaded","section":"Shading Mode"},"sceneLighting":true,"audioPlay":false,"sceneViewState":{"m_AlwaysRefresh":false,"showFog":true,"showSkybox":true,"showFlares":true,"showImageEffects":true,"showParticleSystems":true,"showVisualEffectGraphs":true,"m_FxEnabled":true},"in2DMode":false,"pivot":{"x":52.300025939941409,"y":-0.6679672002792358,"z":60.0720100402832},"rotation":{"x":0.003027117345482111,"y":-0.9907051920890808,"z":0.1359522044658661,"w":0.016445793211460115},"size":4.218249320983887,"orthographic":false}